iter	MultiClass
0	2.204376783
1	2.098372014
2	2.007457063
3	1.925501275
4	1.851630241
